{
    "A_0.75_5_2e-09_32_64_32_8_64_8192_224232_557533557553335737577_464868846468686444448_646844868848488468886_868664684846644466848_484664868844484484888_3_4_0_3_3_6_5_7_10_2_17_0_14_7_17_6_10_6_38_48_41": {
        "e": 0.0003785938774210561,
        "a": 91.41396979617664,
        "l": 4.2599999999999966e-07,
        "a_tpm": 0.5451994706540675,
        "a_tpw": 3.8550697152249063,
        "u": 51.68,
        "au": 4724.273959066409,
        "m_tpm": 1.1855973462442604,
        "m_tpw": 18.822126388320026,
        "tp": 4983.884794326242,
        "acc": 0.8722609877586365
    },
    "A_0.65_1_6e-09_32_32_16_16_128_32768_434344_555353737535735357355_684848466464846486644_864446446488688864466_644466664648666664646_886684444864664648864_2_4_3_0_5_7_1_0_10_2_4_20_17_3_22_9_13_25_48_44_0": {
        "e": 0.0012579097844050337,
        "a": 101.80800120209663,
        "l": 1.5419999999999996e-06,
        "a_tpm": 0.07962611620942103,
        "a_tpw": 1.5218676701884586,
        "u": 86.13,
        "au": 8768.723143536583,
        "m_tpm": 0.23656765397240703,
        "m_tpw": 7.764766100397768,
        "tp": 810.6575734767031,
        "acc": 0.8838202357292175
    }
}